{
  "start": [
    0.0,
    -18.0
  ],
  "goal": [
    -5.0,
    18.0
  ],
  "steps": 468,
  "time_s": 46.800000000000004,
  "path_length": 36.05224567065911,
  "collisions": 114,
  "min_dist_to_obstacle": -0.7848076654610122,
  "reached_goal": true,
  "timeout": false,
  "timestamp": "20251022-181205"
}