{
  "start": [
    0.0,
    -18.0
  ],
  "goal": [
    5.0,
    18.0
  ],
  "steps": 300,
  "time_s": 30.0,
  "path_length": 23.919999989905804,
  "collisions": 0,
  "min_dist_to_obstacle": 4.46272349412252,
  "reached_goal": false,
  "timeout": true,
  "timestamp": "20251022-140713"
}