{
  "start": [
    0.0,
    -18.0
  ],
  "goal": [
    -5.0,
    18.0
  ],
  "steps": 300,
  "time_s": 30.0,
  "path_length": 20.65723758902778,
  "collisions": 35,
  "min_dist_to_obstacle": -0.03115903463022518,
  "reached_goal": false,
  "timeout": true,
  "timestamp": "20251022-172115"
}