{
  "start": [
    0.0,
    -18.0
  ],
  "goal": [
    -5.0,
    18.0
  ],
  "steps": 300,
  "time_s": 30.0,
  "path_length": 19.053355397126886,
  "collisions": 63,
  "min_dist_to_obstacle": -0.7832952894688043,
  "reached_goal": false,
  "timeout": true,
  "timestamp": "20251022-170028"
}