{
  "start": [
    0.0,
    -18.0
  ],
  "goal": [
    -5.0,
    18.0
  ],
  "steps": 300,
  "time_s": 30.0,
  "path_length": 19.395869880360912,
  "collisions": 26,
  "min_dist_to_obstacle": -0.18991745298591345,
  "reached_goal": false,
  "timeout": true,
  "timestamp": "20251022-165505"
}