{
  "start": [
    0.0,
    -18.0
  ],
  "goal": [
    -5.0,
    18.0
  ],
  "steps": 300,
  "time_s": 30.0,
  "path_length": 19.552375710413852,
  "collisions": 48,
  "min_dist_to_obstacle": -0.40354480598303843,
  "reached_goal": false,
  "timeout": true,
  "timestamp": "20251022-164926"
}