{
  "start": [
    0.0,
    -18.0
  ],
  "goal": [
    -5.0,
    18.0
  ],
  "steps": 300,
  "time_s": 30.0,
  "path_length": 19.21434891459778,
  "collisions": 32,
  "min_dist_to_obstacle": -0.556868597848184,
  "reached_goal": false,
  "timeout": true,
  "timestamp": "20251022-172015"
}