{
  "start": [
    0.0,
    -18.0
  ],
  "goal": [
    -5.0,
    18.0
  ],
  "steps": 300,
  "time_s": 30.0,
  "path_length": 23.102809023294647,
  "collisions": 61,
  "min_dist_to_obstacle": -0.8596275257405904,
  "reached_goal": false,
  "timeout": true,
  "timestamp": "20251022-172913"
}