{
  "start": [
    0.0,
    -18.0
  ],
  "goal": [
    15.0,
    16.0
  ],
  "steps": 300,
  "time_s": 30.0,
  "path_length": 19.817529635560216,
  "collisions": 70,
  "min_dist_to_obstacle": -0.6903375215442054,
  "reached_goal": false,
  "timeout": true,
  "timestamp": "20251022-163537"
}